{"cameraMode":{"drawMode":0,"name":"Shaded","section":"Shading Mode"},"sceneLighting":true,"audioPlay":false,"sceneViewState":{"showFog":true,"showMaterialUpdate":false,"showSkybox":true,"showFlares":true,"showImageEffects":true,"showParticleSystems":true},"in2DMode":false,"pivot":{"x":-13.166196823120118,"y":-2.2718734741210939,"z":9.593589782714844},"rotation":{"x":0.36363768577575686,"y":0.4645676910877228,"z":-0.2172347456216812,"w":0.7776588201522827},"size":14.52392864227295,"orthographic":false}