{"cameraMode":{"drawMode":0,"name":"Shaded","section":"Shading Mode"},"sceneLighting":false,"audioPlay":false,"sceneViewState":{"showFog":true,"showMaterialUpdate":false,"showSkybox":false,"showFlares":true,"showImageEffects":true,"showParticleSystems":true},"in2DMode":false,"pivot":{"x":81.47689056396485,"y":0.16578055918216706,"z":57.42682647705078},"rotation":{"x":0.1830790936946869,"y":0.33311229944229128,"z":-0.06610382348299027,"w":0.9225771427154541},"size":0.26611337065696719,"orthographic":true}