{"cameraMode":{"drawMode":1,"name":"Wireframe","section":"Shading Mode"},"sceneLighting":false,"audioPlay":false,"sceneViewState":{"showFog":true,"showMaterialUpdate":false,"showSkybox":false,"showFlares":true,"showImageEffects":true,"showParticleSystems":true},"in2DMode":false,"pivot":{"x":80.02813720703125,"y":0.314666748046875,"z":47.382633209228519},"rotation":{"x":0.08615211397409439,"y":-0.8271826505661011,"z":0.13213153183460236,"w":0.5393430590629578},"size":0.4585459530353546,"orthographic":true}