{"cameraMode":{"drawMode":0,"name":"Shaded","section":"Shading Mode"},"sceneLighting":true,"audioPlay":false,"sceneViewState":{"showFog":true,"showMaterialUpdate":false,"showSkybox":true,"showFlares":true,"showImageEffects":true,"showParticleSystems":true},"in2DMode":false,"pivot":{"x":-9.127975463867188,"y":9.335308074951172,"z":13.150550842285157},"rotation":{"x":0.381011962890625,"y":0.005547298118472099,"z":-0.0022861119359731676,"w":0.9245506525039673},"size":12.461819648742676,"orthographic":false}