{"cameraMode":{"drawMode":0,"name":"Shaded","section":"Shading Mode"},"sceneLighting":false,"audioPlay":false,"sceneViewState":{"showFog":true,"showMaterialUpdate":false,"showSkybox":false,"showFlares":true,"showImageEffects":true,"showParticleSystems":true},"in2DMode":false,"pivot":{"x":81.29312896728516,"y":0.14440909028053285,"z":57.92978286743164},"rotation":{"x":0.1830790936946869,"y":0.33311229944229128,"z":-0.06610382348299027,"w":0.9225771427154541},"size":0.27497026324272158,"orthographic":true}