{"cameraMode":{"drawMode":0,"name":"Shaded","section":"Shading Mode"},"sceneLighting":false,"audioPlay":false,"sceneViewState":{"showFog":true,"showMaterialUpdate":false,"showSkybox":false,"showFlares":true,"showImageEffects":true,"showParticleSystems":true},"in2DMode":false,"pivot":{"x":83.22089385986328,"y":0.8527805805206299,"z":53.65913772583008},"rotation":{"x":0.1830790936946869,"y":0.33311229944229128,"z":-0.06610382348299027,"w":0.9225771427154541},"size":0.26611340045928957,"orthographic":true}