{"cameraMode":{"drawMode":1,"name":"Wireframe","section":"Shading Mode"},"sceneLighting":false,"audioPlay":false,"sceneViewState":{"showFog":true,"showMaterialUpdate":false,"showSkybox":false,"showFlares":true,"showImageEffects":true,"showParticleSystems":true},"in2DMode":false,"pivot":{"x":80.61601257324219,"y":0.15326577425003053,"z":48.04119873046875},"rotation":{"x":0.07079040259122849,"y":0.8037091493606567,"z":-0.09764241427183151,"w":0.5826734900474548},"size":0.519408106803894,"orthographic":true}