{"cameraMode":{"drawMode":0,"name":"Shaded","section":"Shading Mode"},"sceneLighting":false,"audioPlay":false,"sceneViewState":{"showFog":true,"showMaterialUpdate":false,"showSkybox":false,"showFlares":true,"showImageEffects":true,"showParticleSystems":true},"in2DMode":false,"pivot":{"x":80.93000030517578,"y":1.3600000143051148,"z":61.290000915527347},"rotation":{"x":0.1830790936946869,"y":0.33311229944229128,"z":-0.06610382348299027,"w":0.9225771427154541},"size":1.5268020629882813,"orthographic":true}